ImageId,MaskId
ID00398637202303897337979\ID00398637202303897337979_23.jpg,ID00398637202303897337979\ID00398637202303897337979_mask_23.jpg
ID00398637202303897337979\ID00398637202303897337979_24.jpg,ID00398637202303897337979\ID00398637202303897337979_mask_24.jpg
ID00398637202303897337979\ID00398637202303897337979_25.jpg,ID00398637202303897337979\ID00398637202303897337979_mask_25.jpg
ID00398637202303897337979\ID00398637202303897337979_26.jpg,ID00398637202303897337979\ID00398637202303897337979_mask_26.jpg
ID00398637202303897337979\ID00398637202303897337979_27.jpg,ID00398637202303897337979\ID00398637202303897337979_mask_27.jpg
ID00398637202303897337979\ID00398637202303897337979_28.jpg,ID00398637202303897337979\ID00398637202303897337979_mask_28.jpg
ID00398637202303897337979\ID00398637202303897337979_29.jpg,ID00398637202303897337979\ID00398637202303897337979_mask_29.jpg
ID00398637202303897337979\ID00398637202303897337979_30.jpg,ID00398637202303897337979\ID00398637202303897337979_mask_30.jpg
ID00398637202303897337979\ID00398637202303897337979_31.jpg,ID00398637202303897337979\ID00398637202303897337979_mask_31.jpg
ID00398637202303897337979\ID00398637202303897337979_32.jpg,ID00398637202303897337979\ID00398637202303897337979_mask_32.jpg
ID00398637202303897337979\ID00398637202303897337979_33.jpg,ID00398637202303897337979\ID00398637202303897337979_mask_33.jpg
ID00398637202303897337979\ID00398637202303897337979_34.jpg,ID00398637202303897337979\ID00398637202303897337979_mask_34.jpg
ID00398637202303897337979\ID00398637202303897337979_35.jpg,ID00398637202303897337979\ID00398637202303897337979_mask_35.jpg
ID00398637202303897337979\ID00398637202303897337979_36.jpg,ID00398637202303897337979\ID00398637202303897337979_mask_36.jpg
ID00398637202303897337979\ID00398637202303897337979_37.jpg,ID00398637202303897337979\ID00398637202303897337979_mask_37.jpg
ID00398637202303897337979\ID00398637202303897337979_38.jpg,ID00398637202303897337979\ID00398637202303897337979_mask_38.jpg
ID00398637202303897337979\ID00398637202303897337979_39.jpg,ID00398637202303897337979\ID00398637202303897337979_mask_39.jpg
ID00398637202303897337979\ID00398637202303897337979_40.jpg,ID00398637202303897337979\ID00398637202303897337979_mask_40.jpg
ID00398637202303897337979\ID00398637202303897337979_41.jpg,ID00398637202303897337979\ID00398637202303897337979_mask_41.jpg
ID00398637202303897337979\ID00398637202303897337979_42.jpg,ID00398637202303897337979\ID00398637202303897337979_mask_42.jpg
ID00400637202305055099402\ID00400637202305055099402_101.jpg,ID00400637202305055099402\ID00400637202305055099402_mask_101.jpg
ID00400637202305055099402\ID00400637202305055099402_102.jpg,ID00400637202305055099402\ID00400637202305055099402_mask_102.jpg
ID00400637202305055099402\ID00400637202305055099402_103.jpg,ID00400637202305055099402\ID00400637202305055099402_mask_103.jpg
ID00400637202305055099402\ID00400637202305055099402_104.jpg,ID00400637202305055099402\ID00400637202305055099402_mask_104.jpg
ID00400637202305055099402\ID00400637202305055099402_105.jpg,ID00400637202305055099402\ID00400637202305055099402_mask_105.jpg
ID00400637202305055099402\ID00400637202305055099402_106.jpg,ID00400637202305055099402\ID00400637202305055099402_mask_106.jpg
ID00400637202305055099402\ID00400637202305055099402_107.jpg,ID00400637202305055099402\ID00400637202305055099402_mask_107.jpg
ID00400637202305055099402\ID00400637202305055099402_108.jpg,ID00400637202305055099402\ID00400637202305055099402_mask_108.jpg
ID00400637202305055099402\ID00400637202305055099402_109.jpg,ID00400637202305055099402\ID00400637202305055099402_mask_109.jpg
ID00400637202305055099402\ID00400637202305055099402_110.jpg,ID00400637202305055099402\ID00400637202305055099402_mask_110.jpg
ID00400637202305055099402\ID00400637202305055099402_111.jpg,ID00400637202305055099402\ID00400637202305055099402_mask_111.jpg
ID00400637202305055099402\ID00400637202305055099402_112.jpg,ID00400637202305055099402\ID00400637202305055099402_mask_112.jpg
ID00400637202305055099402\ID00400637202305055099402_113.jpg,ID00400637202305055099402\ID00400637202305055099402_mask_113.jpg
ID00400637202305055099402\ID00400637202305055099402_114.jpg,ID00400637202305055099402\ID00400637202305055099402_mask_114.jpg
ID00400637202305055099402\ID00400637202305055099402_115.jpg,ID00400637202305055099402\ID00400637202305055099402_mask_115.jpg
ID00400637202305055099402\ID00400637202305055099402_116.jpg,ID00400637202305055099402\ID00400637202305055099402_mask_116.jpg
ID00400637202305055099402\ID00400637202305055099402_117.jpg,ID00400637202305055099402\ID00400637202305055099402_mask_117.jpg
ID00400637202305055099402\ID00400637202305055099402_118.jpg,ID00400637202305055099402\ID00400637202305055099402_mask_118.jpg
ID00400637202305055099402\ID00400637202305055099402_119.jpg,ID00400637202305055099402\ID00400637202305055099402_mask_119.jpg
ID00400637202305055099402\ID00400637202305055099402_120.jpg,ID00400637202305055099402\ID00400637202305055099402_mask_120.jpg
ID00400637202305055099402\ID00400637202305055099402_121.jpg,ID00400637202305055099402\ID00400637202305055099402_mask_121.jpg
ID00400637202305055099402\ID00400637202305055099402_122.jpg,ID00400637202305055099402\ID00400637202305055099402_mask_122.jpg
ID00400637202305055099402\ID00400637202305055099402_123.jpg,ID00400637202305055099402\ID00400637202305055099402_mask_123.jpg
ID00400637202305055099402\ID00400637202305055099402_124.jpg,ID00400637202305055099402\ID00400637202305055099402_mask_124.jpg
ID00400637202305055099402\ID00400637202305055099402_125.jpg,ID00400637202305055099402\ID00400637202305055099402_mask_125.jpg
ID00400637202305055099402\ID00400637202305055099402_126.jpg,ID00400637202305055099402\ID00400637202305055099402_mask_126.jpg
ID00400637202305055099402\ID00400637202305055099402_127.jpg,ID00400637202305055099402\ID00400637202305055099402_mask_127.jpg
ID00400637202305055099402\ID00400637202305055099402_128.jpg,ID00400637202305055099402\ID00400637202305055099402_mask_128.jpg
ID00400637202305055099402\ID00400637202305055099402_129.jpg,ID00400637202305055099402\ID00400637202305055099402_mask_129.jpg
ID00400637202305055099402\ID00400637202305055099402_130.jpg,ID00400637202305055099402\ID00400637202305055099402_mask_130.jpg
ID00400637202305055099402\ID00400637202305055099402_131.jpg,ID00400637202305055099402\ID00400637202305055099402_mask_131.jpg
ID00400637202305055099402\ID00400637202305055099402_132.jpg,ID00400637202305055099402\ID00400637202305055099402_mask_132.jpg
ID00400637202305055099402\ID00400637202305055099402_133.jpg,ID00400637202305055099402\ID00400637202305055099402_mask_133.jpg
ID00400637202305055099402\ID00400637202305055099402_134.jpg,ID00400637202305055099402\ID00400637202305055099402_mask_134.jpg
ID00400637202305055099402\ID00400637202305055099402_135.jpg,ID00400637202305055099402\ID00400637202305055099402_mask_135.jpg
ID00400637202305055099402\ID00400637202305055099402_136.jpg,ID00400637202305055099402\ID00400637202305055099402_mask_136.jpg
ID00400637202305055099402\ID00400637202305055099402_137.jpg,ID00400637202305055099402\ID00400637202305055099402_mask_137.jpg
ID00400637202305055099402\ID00400637202305055099402_138.jpg,ID00400637202305055099402\ID00400637202305055099402_mask_138.jpg
ID00400637202305055099402\ID00400637202305055099402_139.jpg,ID00400637202305055099402\ID00400637202305055099402_mask_139.jpg
ID00400637202305055099402\ID00400637202305055099402_140.jpg,ID00400637202305055099402\ID00400637202305055099402_mask_140.jpg
ID00400637202305055099402\ID00400637202305055099402_141.jpg,ID00400637202305055099402\ID00400637202305055099402_mask_141.jpg
ID00400637202305055099402\ID00400637202305055099402_142.jpg,ID00400637202305055099402\ID00400637202305055099402_mask_142.jpg
ID00400637202305055099402\ID00400637202305055099402_143.jpg,ID00400637202305055099402\ID00400637202305055099402_mask_143.jpg
ID00400637202305055099402\ID00400637202305055099402_144.jpg,ID00400637202305055099402\ID00400637202305055099402_mask_144.jpg
ID00400637202305055099402\ID00400637202305055099402_145.jpg,ID00400637202305055099402\ID00400637202305055099402_mask_145.jpg
ID00400637202305055099402\ID00400637202305055099402_146.jpg,ID00400637202305055099402\ID00400637202305055099402_mask_146.jpg
ID00400637202305055099402\ID00400637202305055099402_147.jpg,ID00400637202305055099402\ID00400637202305055099402_mask_147.jpg
ID00400637202305055099402\ID00400637202305055099402_148.jpg,ID00400637202305055099402\ID00400637202305055099402_mask_148.jpg
ID00400637202305055099402\ID00400637202305055099402_149.jpg,ID00400637202305055099402\ID00400637202305055099402_mask_149.jpg
ID00400637202305055099402\ID00400637202305055099402_150.jpg,ID00400637202305055099402\ID00400637202305055099402_mask_150.jpg
ID00400637202305055099402\ID00400637202305055099402_151.jpg,ID00400637202305055099402\ID00400637202305055099402_mask_151.jpg
ID00400637202305055099402\ID00400637202305055099402_152.jpg,ID00400637202305055099402\ID00400637202305055099402_mask_152.jpg
ID00400637202305055099402\ID00400637202305055099402_153.jpg,ID00400637202305055099402\ID00400637202305055099402_mask_153.jpg
ID00400637202305055099402\ID00400637202305055099402_154.jpg,ID00400637202305055099402\ID00400637202305055099402_mask_154.jpg
ID00400637202305055099402\ID00400637202305055099402_155.jpg,ID00400637202305055099402\ID00400637202305055099402_mask_155.jpg
ID00400637202305055099402\ID00400637202305055099402_156.jpg,ID00400637202305055099402\ID00400637202305055099402_mask_156.jpg
ID00400637202305055099402\ID00400637202305055099402_157.jpg,ID00400637202305055099402\ID00400637202305055099402_mask_157.jpg
ID00400637202305055099402\ID00400637202305055099402_158.jpg,ID00400637202305055099402\ID00400637202305055099402_mask_158.jpg
ID00400637202305055099402\ID00400637202305055099402_159.jpg,ID00400637202305055099402\ID00400637202305055099402_mask_159.jpg
ID00400637202305055099402\ID00400637202305055099402_160.jpg,ID00400637202305055099402\ID00400637202305055099402_mask_160.jpg
ID00400637202305055099402\ID00400637202305055099402_161.jpg,ID00400637202305055099402\ID00400637202305055099402_mask_161.jpg
ID00400637202305055099402\ID00400637202305055099402_162.jpg,ID00400637202305055099402\ID00400637202305055099402_mask_162.jpg
ID00400637202305055099402\ID00400637202305055099402_163.jpg,ID00400637202305055099402\ID00400637202305055099402_mask_163.jpg
ID00400637202305055099402\ID00400637202305055099402_164.jpg,ID00400637202305055099402\ID00400637202305055099402_mask_164.jpg
ID00400637202305055099402\ID00400637202305055099402_165.jpg,ID00400637202305055099402\ID00400637202305055099402_mask_165.jpg
ID00400637202305055099402\ID00400637202305055099402_166.jpg,ID00400637202305055099402\ID00400637202305055099402_mask_166.jpg
ID00405637202308359492977\ID00405637202308359492977_13.jpg,ID00405637202308359492977\ID00405637202308359492977_mask_13.jpg
ID00405637202308359492977\ID00405637202308359492977_14.jpg,ID00405637202308359492977\ID00405637202308359492977_mask_14.jpg
ID00405637202308359492977\ID00405637202308359492977_15.jpg,ID00405637202308359492977\ID00405637202308359492977_mask_15.jpg
ID00405637202308359492977\ID00405637202308359492977_16.jpg,ID00405637202308359492977\ID00405637202308359492977_mask_16.jpg
ID00405637202308359492977\ID00405637202308359492977_17.jpg,ID00405637202308359492977\ID00405637202308359492977_mask_17.jpg
ID00405637202308359492977\ID00405637202308359492977_18.jpg,ID00405637202308359492977\ID00405637202308359492977_mask_18.jpg
ID00405637202308359492977\ID00405637202308359492977_19.jpg,ID00405637202308359492977\ID00405637202308359492977_mask_19.jpg
ID00405637202308359492977\ID00405637202308359492977_20.jpg,ID00405637202308359492977\ID00405637202308359492977_mask_20.jpg
ID00405637202308359492977\ID00405637202308359492977_21.jpg,ID00405637202308359492977\ID00405637202308359492977_mask_21.jpg
ID00405637202308359492977\ID00405637202308359492977_22.jpg,ID00405637202308359492977\ID00405637202308359492977_mask_22.jpg
ID00405637202308359492977\ID00405637202308359492977_23.jpg,ID00405637202308359492977\ID00405637202308359492977_mask_23.jpg
ID00405637202308359492977\ID00405637202308359492977_24.jpg,ID00405637202308359492977\ID00405637202308359492977_mask_24.jpg
ID00405637202308359492977\ID00405637202308359492977_25.jpg,ID00405637202308359492977\ID00405637202308359492977_mask_25.jpg
ID00405637202308359492977\ID00405637202308359492977_26.jpg,ID00405637202308359492977\ID00405637202308359492977_mask_26.jpg
ID00405637202308359492977\ID00405637202308359492977_27.jpg,ID00405637202308359492977\ID00405637202308359492977_mask_27.jpg
ID00405637202308359492977\ID00405637202308359492977_28.jpg,ID00405637202308359492977\ID00405637202308359492977_mask_28.jpg
ID00407637202308788732304\ID00407637202308788732304_22.jpg,ID00407637202308788732304\ID00407637202308788732304_mask_22.jpg
ID00407637202308788732304\ID00407637202308788732304_23.jpg,ID00407637202308788732304\ID00407637202308788732304_mask_23.jpg
ID00407637202308788732304\ID00407637202308788732304_24.jpg,ID00407637202308788732304\ID00407637202308788732304_mask_24.jpg
ID00407637202308788732304\ID00407637202308788732304_25.jpg,ID00407637202308788732304\ID00407637202308788732304_mask_25.jpg
ID00407637202308788732304\ID00407637202308788732304_26.jpg,ID00407637202308788732304\ID00407637202308788732304_mask_26.jpg
ID00407637202308788732304\ID00407637202308788732304_27.jpg,ID00407637202308788732304\ID00407637202308788732304_mask_27.jpg
ID00407637202308788732304\ID00407637202308788732304_28.jpg,ID00407637202308788732304\ID00407637202308788732304_mask_28.jpg
ID00407637202308788732304\ID00407637202308788732304_29.jpg,ID00407637202308788732304\ID00407637202308788732304_mask_29.jpg
ID00407637202308788732304\ID00407637202308788732304_30.jpg,ID00407637202308788732304\ID00407637202308788732304_mask_30.jpg
ID00407637202308788732304\ID00407637202308788732304_31.jpg,ID00407637202308788732304\ID00407637202308788732304_mask_31.jpg
ID00407637202308788732304\ID00407637202308788732304_32.jpg,ID00407637202308788732304\ID00407637202308788732304_mask_32.jpg
ID00407637202308788732304\ID00407637202308788732304_33.jpg,ID00407637202308788732304\ID00407637202308788732304_mask_33.jpg
ID00407637202308788732304\ID00407637202308788732304_34.jpg,ID00407637202308788732304\ID00407637202308788732304_mask_34.jpg
ID00407637202308788732304\ID00407637202308788732304_35.jpg,ID00407637202308788732304\ID00407637202308788732304_mask_35.jpg
ID00407637202308788732304\ID00407637202308788732304_36.jpg,ID00407637202308788732304\ID00407637202308788732304_mask_36.jpg
ID00407637202308788732304\ID00407637202308788732304_37.jpg,ID00407637202308788732304\ID00407637202308788732304_mask_37.jpg
ID00407637202308788732304\ID00407637202308788732304_38.jpg,ID00407637202308788732304\ID00407637202308788732304_mask_38.jpg
ID00411637202309374271828\ID00411637202309374271828_85.jpg,ID00411637202309374271828\ID00411637202309374271828_mask_85.jpg
ID00411637202309374271828\ID00411637202309374271828_86.jpg,ID00411637202309374271828\ID00411637202309374271828_mask_86.jpg
ID00411637202309374271828\ID00411637202309374271828_87.jpg,ID00411637202309374271828\ID00411637202309374271828_mask_87.jpg
ID00411637202309374271828\ID00411637202309374271828_88.jpg,ID00411637202309374271828\ID00411637202309374271828_mask_88.jpg
ID00411637202309374271828\ID00411637202309374271828_89.jpg,ID00411637202309374271828\ID00411637202309374271828_mask_89.jpg
ID00411637202309374271828\ID00411637202309374271828_90.jpg,ID00411637202309374271828\ID00411637202309374271828_mask_90.jpg
ID00411637202309374271828\ID00411637202309374271828_91.jpg,ID00411637202309374271828\ID00411637202309374271828_mask_91.jpg
ID00411637202309374271828\ID00411637202309374271828_92.jpg,ID00411637202309374271828\ID00411637202309374271828_mask_92.jpg
ID00411637202309374271828\ID00411637202309374271828_93.jpg,ID00411637202309374271828\ID00411637202309374271828_mask_93.jpg
ID00411637202309374271828\ID00411637202309374271828_94.jpg,ID00411637202309374271828\ID00411637202309374271828_mask_94.jpg
ID00411637202309374271828\ID00411637202309374271828_95.jpg,ID00411637202309374271828\ID00411637202309374271828_mask_95.jpg
ID00411637202309374271828\ID00411637202309374271828_96.jpg,ID00411637202309374271828\ID00411637202309374271828_mask_96.jpg
ID00411637202309374271828\ID00411637202309374271828_97.jpg,ID00411637202309374271828\ID00411637202309374271828_mask_97.jpg
ID00411637202309374271828\ID00411637202309374271828_98.jpg,ID00411637202309374271828\ID00411637202309374271828_mask_98.jpg
ID00411637202309374271828\ID00411637202309374271828_99.jpg,ID00411637202309374271828\ID00411637202309374271828_mask_99.jpg
ID00411637202309374271828\ID00411637202309374271828_100.jpg,ID00411637202309374271828\ID00411637202309374271828_mask_100.jpg
ID00411637202309374271828\ID00411637202309374271828_101.jpg,ID00411637202309374271828\ID00411637202309374271828_mask_101.jpg
ID00411637202309374271828\ID00411637202309374271828_102.jpg,ID00411637202309374271828\ID00411637202309374271828_mask_102.jpg
ID00411637202309374271828\ID00411637202309374271828_103.jpg,ID00411637202309374271828\ID00411637202309374271828_mask_103.jpg
ID00411637202309374271828\ID00411637202309374271828_104.jpg,ID00411637202309374271828\ID00411637202309374271828_mask_104.jpg
ID00411637202309374271828\ID00411637202309374271828_105.jpg,ID00411637202309374271828\ID00411637202309374271828_mask_105.jpg
ID00411637202309374271828\ID00411637202309374271828_106.jpg,ID00411637202309374271828\ID00411637202309374271828_mask_106.jpg
ID00411637202309374271828\ID00411637202309374271828_107.jpg,ID00411637202309374271828\ID00411637202309374271828_mask_107.jpg
ID00411637202309374271828\ID00411637202309374271828_108.jpg,ID00411637202309374271828\ID00411637202309374271828_mask_108.jpg
ID00411637202309374271828\ID00411637202309374271828_109.jpg,ID00411637202309374271828\ID00411637202309374271828_mask_109.jpg
ID00411637202309374271828\ID00411637202309374271828_110.jpg,ID00411637202309374271828\ID00411637202309374271828_mask_110.jpg
ID00411637202309374271828\ID00411637202309374271828_111.jpg,ID00411637202309374271828\ID00411637202309374271828_mask_111.jpg
ID00411637202309374271828\ID00411637202309374271828_112.jpg,ID00411637202309374271828\ID00411637202309374271828_mask_112.jpg
ID00411637202309374271828\ID00411637202309374271828_113.jpg,ID00411637202309374271828\ID00411637202309374271828_mask_113.jpg
ID00411637202309374271828\ID00411637202309374271828_114.jpg,ID00411637202309374271828\ID00411637202309374271828_mask_114.jpg
ID00411637202309374271828\ID00411637202309374271828_115.jpg,ID00411637202309374271828\ID00411637202309374271828_mask_115.jpg
ID00411637202309374271828\ID00411637202309374271828_116.jpg,ID00411637202309374271828\ID00411637202309374271828_mask_116.jpg
ID00411637202309374271828\ID00411637202309374271828_117.jpg,ID00411637202309374271828\ID00411637202309374271828_mask_117.jpg
ID00411637202309374271828\ID00411637202309374271828_118.jpg,ID00411637202309374271828\ID00411637202309374271828_mask_118.jpg
ID00411637202309374271828\ID00411637202309374271828_119.jpg,ID00411637202309374271828\ID00411637202309374271828_mask_119.jpg
ID00411637202309374271828\ID00411637202309374271828_120.jpg,ID00411637202309374271828\ID00411637202309374271828_mask_120.jpg
ID00411637202309374271828\ID00411637202309374271828_121.jpg,ID00411637202309374271828\ID00411637202309374271828_mask_121.jpg
ID00411637202309374271828\ID00411637202309374271828_122.jpg,ID00411637202309374271828\ID00411637202309374271828_mask_122.jpg
ID00411637202309374271828\ID00411637202309374271828_123.jpg,ID00411637202309374271828\ID00411637202309374271828_mask_123.jpg
ID00411637202309374271828\ID00411637202309374271828_124.jpg,ID00411637202309374271828\ID00411637202309374271828_mask_124.jpg
ID00411637202309374271828\ID00411637202309374271828_125.jpg,ID00411637202309374271828\ID00411637202309374271828_mask_125.jpg
ID00411637202309374271828\ID00411637202309374271828_126.jpg,ID00411637202309374271828\ID00411637202309374271828_mask_126.jpg
ID00411637202309374271828\ID00411637202309374271828_127.jpg,ID00411637202309374271828\ID00411637202309374271828_mask_127.jpg
ID00411637202309374271828\ID00411637202309374271828_128.jpg,ID00411637202309374271828\ID00411637202309374271828_mask_128.jpg
ID00411637202309374271828\ID00411637202309374271828_129.jpg,ID00411637202309374271828\ID00411637202309374271828_mask_129.jpg
ID00411637202309374271828\ID00411637202309374271828_130.jpg,ID00411637202309374271828\ID00411637202309374271828_mask_130.jpg
ID00411637202309374271828\ID00411637202309374271828_131.jpg,ID00411637202309374271828\ID00411637202309374271828_mask_131.jpg
ID00411637202309374271828\ID00411637202309374271828_132.jpg,ID00411637202309374271828\ID00411637202309374271828_mask_132.jpg
ID00411637202309374271828\ID00411637202309374271828_133.jpg,ID00411637202309374271828\ID00411637202309374271828_mask_133.jpg
ID00411637202309374271828\ID00411637202309374271828_134.jpg,ID00411637202309374271828\ID00411637202309374271828_mask_134.jpg
ID00411637202309374271828\ID00411637202309374271828_135.jpg,ID00411637202309374271828\ID00411637202309374271828_mask_135.jpg
ID00411637202309374271828\ID00411637202309374271828_136.jpg,ID00411637202309374271828\ID00411637202309374271828_mask_136.jpg
ID00411637202309374271828\ID00411637202309374271828_137.jpg,ID00411637202309374271828\ID00411637202309374271828_mask_137.jpg
ID00411637202309374271828\ID00411637202309374271828_138.jpg,ID00411637202309374271828\ID00411637202309374271828_mask_138.jpg
ID00411637202309374271828\ID00411637202309374271828_139.jpg,ID00411637202309374271828\ID00411637202309374271828_mask_139.jpg
ID00411637202309374271828\ID00411637202309374271828_140.jpg,ID00411637202309374271828\ID00411637202309374271828_mask_140.jpg
ID00411637202309374271828\ID00411637202309374271828_141.jpg,ID00411637202309374271828\ID00411637202309374271828_mask_141.jpg
ID00411637202309374271828\ID00411637202309374271828_142.jpg,ID00411637202309374271828\ID00411637202309374271828_mask_142.jpg
ID00411637202309374271828\ID00411637202309374271828_143.jpg,ID00411637202309374271828\ID00411637202309374271828_mask_143.jpg
ID00411637202309374271828\ID00411637202309374271828_144.jpg,ID00411637202309374271828\ID00411637202309374271828_mask_144.jpg
ID00411637202309374271828\ID00411637202309374271828_145.jpg,ID00411637202309374271828\ID00411637202309374271828_mask_145.jpg
ID00411637202309374271828\ID00411637202309374271828_146.jpg,ID00411637202309374271828\ID00411637202309374271828_mask_146.jpg
ID00411637202309374271828\ID00411637202309374271828_147.jpg,ID00411637202309374271828\ID00411637202309374271828_mask_147.jpg
ID00411637202309374271828\ID00411637202309374271828_148.jpg,ID00411637202309374271828\ID00411637202309374271828_mask_148.jpg
ID00411637202309374271828\ID00411637202309374271828_149.jpg,ID00411637202309374271828\ID00411637202309374271828_mask_149.jpg
ID00411637202309374271828\ID00411637202309374271828_150.jpg,ID00411637202309374271828\ID00411637202309374271828_mask_150.jpg
ID00411637202309374271828\ID00411637202309374271828_151.jpg,ID00411637202309374271828\ID00411637202309374271828_mask_151.jpg
ID00411637202309374271828\ID00411637202309374271828_152.jpg,ID00411637202309374271828\ID00411637202309374271828_mask_152.jpg
ID00411637202309374271828\ID00411637202309374271828_153.jpg,ID00411637202309374271828\ID00411637202309374271828_mask_153.jpg
ID00411637202309374271828\ID00411637202309374271828_154.jpg,ID00411637202309374271828\ID00411637202309374271828_mask_154.jpg
ID00411637202309374271828\ID00411637202309374271828_155.jpg,ID00411637202309374271828\ID00411637202309374271828_mask_155.jpg
ID00411637202309374271828\ID00411637202309374271828_156.jpg,ID00411637202309374271828\ID00411637202309374271828_mask_156.jpg
ID00411637202309374271828\ID00411637202309374271828_157.jpg,ID00411637202309374271828\ID00411637202309374271828_mask_157.jpg
ID00414637202310318891556\ID00414637202310318891556_126.jpg,ID00414637202310318891556\ID00414637202310318891556_mask_126.jpg
ID00414637202310318891556\ID00414637202310318891556_127.jpg,ID00414637202310318891556\ID00414637202310318891556_mask_127.jpg
ID00414637202310318891556\ID00414637202310318891556_128.jpg,ID00414637202310318891556\ID00414637202310318891556_mask_128.jpg
ID00414637202310318891556\ID00414637202310318891556_129.jpg,ID00414637202310318891556\ID00414637202310318891556_mask_129.jpg
ID00414637202310318891556\ID00414637202310318891556_130.jpg,ID00414637202310318891556\ID00414637202310318891556_mask_130.jpg
ID00414637202310318891556\ID00414637202310318891556_131.jpg,ID00414637202310318891556\ID00414637202310318891556_mask_131.jpg
ID00414637202310318891556\ID00414637202310318891556_132.jpg,ID00414637202310318891556\ID00414637202310318891556_mask_132.jpg
ID00414637202310318891556\ID00414637202310318891556_133.jpg,ID00414637202310318891556\ID00414637202310318891556_mask_133.jpg
ID00414637202310318891556\ID00414637202310318891556_134.jpg,ID00414637202310318891556\ID00414637202310318891556_mask_134.jpg
ID00414637202310318891556\ID00414637202310318891556_135.jpg,ID00414637202310318891556\ID00414637202310318891556_mask_135.jpg
ID00414637202310318891556\ID00414637202310318891556_136.jpg,ID00414637202310318891556\ID00414637202310318891556_mask_136.jpg
ID00414637202310318891556\ID00414637202310318891556_137.jpg,ID00414637202310318891556\ID00414637202310318891556_mask_137.jpg
ID00414637202310318891556\ID00414637202310318891556_138.jpg,ID00414637202310318891556\ID00414637202310318891556_mask_138.jpg
ID00414637202310318891556\ID00414637202310318891556_139.jpg,ID00414637202310318891556\ID00414637202310318891556_mask_139.jpg
ID00414637202310318891556\ID00414637202310318891556_140.jpg,ID00414637202310318891556\ID00414637202310318891556_mask_140.jpg
ID00414637202310318891556\ID00414637202310318891556_141.jpg,ID00414637202310318891556\ID00414637202310318891556_mask_141.jpg
ID00414637202310318891556\ID00414637202310318891556_142.jpg,ID00414637202310318891556\ID00414637202310318891556_mask_142.jpg
ID00414637202310318891556\ID00414637202310318891556_143.jpg,ID00414637202310318891556\ID00414637202310318891556_mask_143.jpg
ID00414637202310318891556\ID00414637202310318891556_144.jpg,ID00414637202310318891556\ID00414637202310318891556_mask_144.jpg
ID00414637202310318891556\ID00414637202310318891556_145.jpg,ID00414637202310318891556\ID00414637202310318891556_mask_145.jpg
ID00414637202310318891556\ID00414637202310318891556_146.jpg,ID00414637202310318891556\ID00414637202310318891556_mask_146.jpg
ID00414637202310318891556\ID00414637202310318891556_147.jpg,ID00414637202310318891556\ID00414637202310318891556_mask_147.jpg
ID00414637202310318891556\ID00414637202310318891556_148.jpg,ID00414637202310318891556\ID00414637202310318891556_mask_148.jpg
ID00414637202310318891556\ID00414637202310318891556_149.jpg,ID00414637202310318891556\ID00414637202310318891556_mask_149.jpg
ID00414637202310318891556\ID00414637202310318891556_150.jpg,ID00414637202310318891556\ID00414637202310318891556_mask_150.jpg
ID00414637202310318891556\ID00414637202310318891556_151.jpg,ID00414637202310318891556\ID00414637202310318891556_mask_151.jpg
ID00414637202310318891556\ID00414637202310318891556_152.jpg,ID00414637202310318891556\ID00414637202310318891556_mask_152.jpg
ID00414637202310318891556\ID00414637202310318891556_153.jpg,ID00414637202310318891556\ID00414637202310318891556_mask_153.jpg
ID00414637202310318891556\ID00414637202310318891556_154.jpg,ID00414637202310318891556\ID00414637202310318891556_mask_154.jpg
ID00414637202310318891556\ID00414637202310318891556_155.jpg,ID00414637202310318891556\ID00414637202310318891556_mask_155.jpg
ID00414637202310318891556\ID00414637202310318891556_156.jpg,ID00414637202310318891556\ID00414637202310318891556_mask_156.jpg
ID00414637202310318891556\ID00414637202310318891556_157.jpg,ID00414637202310318891556\ID00414637202310318891556_mask_157.jpg
ID00414637202310318891556\ID00414637202310318891556_158.jpg,ID00414637202310318891556\ID00414637202310318891556_mask_158.jpg
ID00414637202310318891556\ID00414637202310318891556_159.jpg,ID00414637202310318891556\ID00414637202310318891556_mask_159.jpg
ID00414637202310318891556\ID00414637202310318891556_160.jpg,ID00414637202310318891556\ID00414637202310318891556_mask_160.jpg
ID00414637202310318891556\ID00414637202310318891556_161.jpg,ID00414637202310318891556\ID00414637202310318891556_mask_161.jpg
ID00414637202310318891556\ID00414637202310318891556_162.jpg,ID00414637202310318891556\ID00414637202310318891556_mask_162.jpg
ID00414637202310318891556\ID00414637202310318891556_163.jpg,ID00414637202310318891556\ID00414637202310318891556_mask_163.jpg
ID00414637202310318891556\ID00414637202310318891556_164.jpg,ID00414637202310318891556\ID00414637202310318891556_mask_164.jpg
ID00414637202310318891556\ID00414637202310318891556_165.jpg,ID00414637202310318891556\ID00414637202310318891556_mask_165.jpg
ID00414637202310318891556\ID00414637202310318891556_166.jpg,ID00414637202310318891556\ID00414637202310318891556_mask_166.jpg
ID00414637202310318891556\ID00414637202310318891556_167.jpg,ID00414637202310318891556\ID00414637202310318891556_mask_167.jpg
ID00414637202310318891556\ID00414637202310318891556_168.jpg,ID00414637202310318891556\ID00414637202310318891556_mask_168.jpg
ID00414637202310318891556\ID00414637202310318891556_169.jpg,ID00414637202310318891556\ID00414637202310318891556_mask_169.jpg
ID00414637202310318891556\ID00414637202310318891556_170.jpg,ID00414637202310318891556\ID00414637202310318891556_mask_170.jpg
ID00414637202310318891556\ID00414637202310318891556_171.jpg,ID00414637202310318891556\ID00414637202310318891556_mask_171.jpg
ID00414637202310318891556\ID00414637202310318891556_172.jpg,ID00414637202310318891556\ID00414637202310318891556_mask_172.jpg
ID00414637202310318891556\ID00414637202310318891556_173.jpg,ID00414637202310318891556\ID00414637202310318891556_mask_173.jpg
ID00414637202310318891556\ID00414637202310318891556_174.jpg,ID00414637202310318891556\ID00414637202310318891556_mask_174.jpg
ID00414637202310318891556\ID00414637202310318891556_175.jpg,ID00414637202310318891556\ID00414637202310318891556_mask_175.jpg
ID00414637202310318891556\ID00414637202310318891556_176.jpg,ID00414637202310318891556\ID00414637202310318891556_mask_176.jpg
ID00414637202310318891556\ID00414637202310318891556_177.jpg,ID00414637202310318891556\ID00414637202310318891556_mask_177.jpg
ID00414637202310318891556\ID00414637202310318891556_178.jpg,ID00414637202310318891556\ID00414637202310318891556_mask_178.jpg
ID00414637202310318891556\ID00414637202310318891556_179.jpg,ID00414637202310318891556\ID00414637202310318891556_mask_179.jpg
ID00414637202310318891556\ID00414637202310318891556_180.jpg,ID00414637202310318891556\ID00414637202310318891556_mask_180.jpg
ID00414637202310318891556\ID00414637202310318891556_181.jpg,ID00414637202310318891556\ID00414637202310318891556_mask_181.jpg
ID00414637202310318891556\ID00414637202310318891556_182.jpg,ID00414637202310318891556\ID00414637202310318891556_mask_182.jpg
ID00414637202310318891556\ID00414637202310318891556_183.jpg,ID00414637202310318891556\ID00414637202310318891556_mask_183.jpg
ID00414637202310318891556\ID00414637202310318891556_184.jpg,ID00414637202310318891556\ID00414637202310318891556_mask_184.jpg
ID00414637202310318891556\ID00414637202310318891556_185.jpg,ID00414637202310318891556\ID00414637202310318891556_mask_185.jpg
ID00414637202310318891556\ID00414637202310318891556_186.jpg,ID00414637202310318891556\ID00414637202310318891556_mask_186.jpg
ID00414637202310318891556\ID00414637202310318891556_187.jpg,ID00414637202310318891556\ID00414637202310318891556_mask_187.jpg
ID00414637202310318891556\ID00414637202310318891556_188.jpg,ID00414637202310318891556\ID00414637202310318891556_mask_188.jpg
ID00414637202310318891556\ID00414637202310318891556_189.jpg,ID00414637202310318891556\ID00414637202310318891556_mask_189.jpg
ID00414637202310318891556\ID00414637202310318891556_190.jpg,ID00414637202310318891556\ID00414637202310318891556_mask_190.jpg
ID00414637202310318891556\ID00414637202310318891556_191.jpg,ID00414637202310318891556\ID00414637202310318891556_mask_191.jpg
ID00414637202310318891556\ID00414637202310318891556_192.jpg,ID00414637202310318891556\ID00414637202310318891556_mask_192.jpg
ID00414637202310318891556\ID00414637202310318891556_193.jpg,ID00414637202310318891556\ID00414637202310318891556_mask_193.jpg
ID00414637202310318891556\ID00414637202310318891556_194.jpg,ID00414637202310318891556\ID00414637202310318891556_mask_194.jpg
ID00414637202310318891556\ID00414637202310318891556_195.jpg,ID00414637202310318891556\ID00414637202310318891556_mask_195.jpg
ID00414637202310318891556\ID00414637202310318891556_196.jpg,ID00414637202310318891556\ID00414637202310318891556_mask_196.jpg
ID00414637202310318891556\ID00414637202310318891556_197.jpg,ID00414637202310318891556\ID00414637202310318891556_mask_197.jpg
ID00414637202310318891556\ID00414637202310318891556_198.jpg,ID00414637202310318891556\ID00414637202310318891556_mask_198.jpg
ID00414637202310318891556\ID00414637202310318891556_199.jpg,ID00414637202310318891556\ID00414637202310318891556_mask_199.jpg
ID00414637202310318891556\ID00414637202310318891556_200.jpg,ID00414637202310318891556\ID00414637202310318891556_mask_200.jpg
ID00414637202310318891556\ID00414637202310318891556_201.jpg,ID00414637202310318891556\ID00414637202310318891556_mask_201.jpg
ID00414637202310318891556\ID00414637202310318891556_202.jpg,ID00414637202310318891556\ID00414637202310318891556_mask_202.jpg
ID00414637202310318891556\ID00414637202310318891556_203.jpg,ID00414637202310318891556\ID00414637202310318891556_mask_203.jpg
ID00414637202310318891556\ID00414637202310318891556_204.jpg,ID00414637202310318891556\ID00414637202310318891556_mask_204.jpg
ID00414637202310318891556\ID00414637202310318891556_205.jpg,ID00414637202310318891556\ID00414637202310318891556_mask_205.jpg
ID00414637202310318891556\ID00414637202310318891556_206.jpg,ID00414637202310318891556\ID00414637202310318891556_mask_206.jpg
ID00414637202310318891556\ID00414637202310318891556_207.jpg,ID00414637202310318891556\ID00414637202310318891556_mask_207.jpg
ID00414637202310318891556\ID00414637202310318891556_208.jpg,ID00414637202310318891556\ID00414637202310318891556_mask_208.jpg
ID00417637202310901214011\ID00417637202310901214011_27.jpg,ID00417637202310901214011\ID00417637202310901214011_mask_27.jpg
ID00417637202310901214011\ID00417637202310901214011_28.jpg,ID00417637202310901214011\ID00417637202310901214011_mask_28.jpg
ID00417637202310901214011\ID00417637202310901214011_29.jpg,ID00417637202310901214011\ID00417637202310901214011_mask_29.jpg
ID00417637202310901214011\ID00417637202310901214011_30.jpg,ID00417637202310901214011\ID00417637202310901214011_mask_30.jpg
ID00417637202310901214011\ID00417637202310901214011_31.jpg,ID00417637202310901214011\ID00417637202310901214011_mask_31.jpg
ID00417637202310901214011\ID00417637202310901214011_32.jpg,ID00417637202310901214011\ID00417637202310901214011_mask_32.jpg
ID00417637202310901214011\ID00417637202310901214011_33.jpg,ID00417637202310901214011\ID00417637202310901214011_mask_33.jpg
ID00417637202310901214011\ID00417637202310901214011_34.jpg,ID00417637202310901214011\ID00417637202310901214011_mask_34.jpg
ID00417637202310901214011\ID00417637202310901214011_35.jpg,ID00417637202310901214011\ID00417637202310901214011_mask_35.jpg
ID00417637202310901214011\ID00417637202310901214011_36.jpg,ID00417637202310901214011\ID00417637202310901214011_mask_36.jpg
ID00417637202310901214011\ID00417637202310901214011_37.jpg,ID00417637202310901214011\ID00417637202310901214011_mask_37.jpg
ID00417637202310901214011\ID00417637202310901214011_38.jpg,ID00417637202310901214011\ID00417637202310901214011_mask_38.jpg
ID00417637202310901214011\ID00417637202310901214011_39.jpg,ID00417637202310901214011\ID00417637202310901214011_mask_39.jpg
ID00417637202310901214011\ID00417637202310901214011_40.jpg,ID00417637202310901214011\ID00417637202310901214011_mask_40.jpg
ID00417637202310901214011\ID00417637202310901214011_41.jpg,ID00417637202310901214011\ID00417637202310901214011_mask_41.jpg
ID00417637202310901214011\ID00417637202310901214011_42.jpg,ID00417637202310901214011\ID00417637202310901214011_mask_42.jpg
ID00423637202312137826377\ID00423637202312137826377_128.jpg,ID00423637202312137826377\ID00423637202312137826377_mask_128.jpg
ID00423637202312137826377\ID00423637202312137826377_129.jpg,ID00423637202312137826377\ID00423637202312137826377_mask_129.jpg
ID00423637202312137826377\ID00423637202312137826377_130.jpg,ID00423637202312137826377\ID00423637202312137826377_mask_130.jpg
ID00423637202312137826377\ID00423637202312137826377_131.jpg,ID00423637202312137826377\ID00423637202312137826377_mask_131.jpg
ID00423637202312137826377\ID00423637202312137826377_132.jpg,ID00423637202312137826377\ID00423637202312137826377_mask_132.jpg
ID00423637202312137826377\ID00423637202312137826377_133.jpg,ID00423637202312137826377\ID00423637202312137826377_mask_133.jpg
ID00423637202312137826377\ID00423637202312137826377_134.jpg,ID00423637202312137826377\ID00423637202312137826377_mask_134.jpg
ID00423637202312137826377\ID00423637202312137826377_135.jpg,ID00423637202312137826377\ID00423637202312137826377_mask_135.jpg
ID00423637202312137826377\ID00423637202312137826377_136.jpg,ID00423637202312137826377\ID00423637202312137826377_mask_136.jpg
ID00423637202312137826377\ID00423637202312137826377_137.jpg,ID00423637202312137826377\ID00423637202312137826377_mask_137.jpg
ID00423637202312137826377\ID00423637202312137826377_138.jpg,ID00423637202312137826377\ID00423637202312137826377_mask_138.jpg
ID00423637202312137826377\ID00423637202312137826377_139.jpg,ID00423637202312137826377\ID00423637202312137826377_mask_139.jpg
ID00423637202312137826377\ID00423637202312137826377_140.jpg,ID00423637202312137826377\ID00423637202312137826377_mask_140.jpg
ID00423637202312137826377\ID00423637202312137826377_141.jpg,ID00423637202312137826377\ID00423637202312137826377_mask_141.jpg
ID00423637202312137826377\ID00423637202312137826377_142.jpg,ID00423637202312137826377\ID00423637202312137826377_mask_142.jpg
ID00423637202312137826377\ID00423637202312137826377_143.jpg,ID00423637202312137826377\ID00423637202312137826377_mask_143.jpg
ID00423637202312137826377\ID00423637202312137826377_144.jpg,ID00423637202312137826377\ID00423637202312137826377_mask_144.jpg
ID00423637202312137826377\ID00423637202312137826377_145.jpg,ID00423637202312137826377\ID00423637202312137826377_mask_145.jpg
ID00423637202312137826377\ID00423637202312137826377_146.jpg,ID00423637202312137826377\ID00423637202312137826377_mask_146.jpg
ID00423637202312137826377\ID00423637202312137826377_147.jpg,ID00423637202312137826377\ID00423637202312137826377_mask_147.jpg
ID00423637202312137826377\ID00423637202312137826377_148.jpg,ID00423637202312137826377\ID00423637202312137826377_mask_148.jpg
ID00423637202312137826377\ID00423637202312137826377_149.jpg,ID00423637202312137826377\ID00423637202312137826377_mask_149.jpg
ID00423637202312137826377\ID00423637202312137826377_150.jpg,ID00423637202312137826377\ID00423637202312137826377_mask_150.jpg
ID00423637202312137826377\ID00423637202312137826377_151.jpg,ID00423637202312137826377\ID00423637202312137826377_mask_151.jpg
ID00423637202312137826377\ID00423637202312137826377_152.jpg,ID00423637202312137826377\ID00423637202312137826377_mask_152.jpg
ID00423637202312137826377\ID00423637202312137826377_153.jpg,ID00423637202312137826377\ID00423637202312137826377_mask_153.jpg
ID00423637202312137826377\ID00423637202312137826377_154.jpg,ID00423637202312137826377\ID00423637202312137826377_mask_154.jpg
ID00423637202312137826377\ID00423637202312137826377_155.jpg,ID00423637202312137826377\ID00423637202312137826377_mask_155.jpg
ID00423637202312137826377\ID00423637202312137826377_156.jpg,ID00423637202312137826377\ID00423637202312137826377_mask_156.jpg
ID00423637202312137826377\ID00423637202312137826377_157.jpg,ID00423637202312137826377\ID00423637202312137826377_mask_157.jpg
ID00423637202312137826377\ID00423637202312137826377_158.jpg,ID00423637202312137826377\ID00423637202312137826377_mask_158.jpg
ID00423637202312137826377\ID00423637202312137826377_159.jpg,ID00423637202312137826377\ID00423637202312137826377_mask_159.jpg
ID00423637202312137826377\ID00423637202312137826377_160.jpg,ID00423637202312137826377\ID00423637202312137826377_mask_160.jpg
ID00423637202312137826377\ID00423637202312137826377_161.jpg,ID00423637202312137826377\ID00423637202312137826377_mask_161.jpg
ID00423637202312137826377\ID00423637202312137826377_162.jpg,ID00423637202312137826377\ID00423637202312137826377_mask_162.jpg
ID00423637202312137826377\ID00423637202312137826377_163.jpg,ID00423637202312137826377\ID00423637202312137826377_mask_163.jpg
ID00423637202312137826377\ID00423637202312137826377_164.jpg,ID00423637202312137826377\ID00423637202312137826377_mask_164.jpg
ID00423637202312137826377\ID00423637202312137826377_165.jpg,ID00423637202312137826377\ID00423637202312137826377_mask_165.jpg
ID00423637202312137826377\ID00423637202312137826377_166.jpg,ID00423637202312137826377\ID00423637202312137826377_mask_166.jpg
ID00423637202312137826377\ID00423637202312137826377_167.jpg,ID00423637202312137826377\ID00423637202312137826377_mask_167.jpg
ID00423637202312137826377\ID00423637202312137826377_168.jpg,ID00423637202312137826377\ID00423637202312137826377_mask_168.jpg
ID00423637202312137826377\ID00423637202312137826377_169.jpg,ID00423637202312137826377\ID00423637202312137826377_mask_169.jpg
ID00423637202312137826377\ID00423637202312137826377_170.jpg,ID00423637202312137826377\ID00423637202312137826377_mask_170.jpg
ID00423637202312137826377\ID00423637202312137826377_171.jpg,ID00423637202312137826377\ID00423637202312137826377_mask_171.jpg
ID00423637202312137826377\ID00423637202312137826377_172.jpg,ID00423637202312137826377\ID00423637202312137826377_mask_172.jpg
ID00423637202312137826377\ID00423637202312137826377_173.jpg,ID00423637202312137826377\ID00423637202312137826377_mask_173.jpg
ID00423637202312137826377\ID00423637202312137826377_174.jpg,ID00423637202312137826377\ID00423637202312137826377_mask_174.jpg
ID00423637202312137826377\ID00423637202312137826377_175.jpg,ID00423637202312137826377\ID00423637202312137826377_mask_175.jpg
ID00423637202312137826377\ID00423637202312137826377_176.jpg,ID00423637202312137826377\ID00423637202312137826377_mask_176.jpg
ID00423637202312137826377\ID00423637202312137826377_177.jpg,ID00423637202312137826377\ID00423637202312137826377_mask_177.jpg
ID00423637202312137826377\ID00423637202312137826377_178.jpg,ID00423637202312137826377\ID00423637202312137826377_mask_178.jpg
ID00423637202312137826377\ID00423637202312137826377_179.jpg,ID00423637202312137826377\ID00423637202312137826377_mask_179.jpg
ID00423637202312137826377\ID00423637202312137826377_180.jpg,ID00423637202312137826377\ID00423637202312137826377_mask_180.jpg
ID00423637202312137826377\ID00423637202312137826377_181.jpg,ID00423637202312137826377\ID00423637202312137826377_mask_181.jpg
ID00423637202312137826377\ID00423637202312137826377_182.jpg,ID00423637202312137826377\ID00423637202312137826377_mask_182.jpg
ID00423637202312137826377\ID00423637202312137826377_183.jpg,ID00423637202312137826377\ID00423637202312137826377_mask_183.jpg
ID00423637202312137826377\ID00423637202312137826377_184.jpg,ID00423637202312137826377\ID00423637202312137826377_mask_184.jpg
ID00423637202312137826377\ID00423637202312137826377_185.jpg,ID00423637202312137826377\ID00423637202312137826377_mask_185.jpg
ID00423637202312137826377\ID00423637202312137826377_186.jpg,ID00423637202312137826377\ID00423637202312137826377_mask_186.jpg
ID00423637202312137826377\ID00423637202312137826377_187.jpg,ID00423637202312137826377\ID00423637202312137826377_mask_187.jpg
ID00423637202312137826377\ID00423637202312137826377_188.jpg,ID00423637202312137826377\ID00423637202312137826377_mask_188.jpg
ID00423637202312137826377\ID00423637202312137826377_189.jpg,ID00423637202312137826377\ID00423637202312137826377_mask_189.jpg
ID00423637202312137826377\ID00423637202312137826377_190.jpg,ID00423637202312137826377\ID00423637202312137826377_mask_190.jpg
ID00423637202312137826377\ID00423637202312137826377_191.jpg,ID00423637202312137826377\ID00423637202312137826377_mask_191.jpg
ID00423637202312137826377\ID00423637202312137826377_192.jpg,ID00423637202312137826377\ID00423637202312137826377_mask_192.jpg
ID00423637202312137826377\ID00423637202312137826377_193.jpg,ID00423637202312137826377\ID00423637202312137826377_mask_193.jpg
ID00423637202312137826377\ID00423637202312137826377_194.jpg,ID00423637202312137826377\ID00423637202312137826377_mask_194.jpg
ID00423637202312137826377\ID00423637202312137826377_195.jpg,ID00423637202312137826377\ID00423637202312137826377_mask_195.jpg
ID00423637202312137826377\ID00423637202312137826377_196.jpg,ID00423637202312137826377\ID00423637202312137826377_mask_196.jpg
ID00423637202312137826377\ID00423637202312137826377_197.jpg,ID00423637202312137826377\ID00423637202312137826377_mask_197.jpg
ID00423637202312137826377\ID00423637202312137826377_198.jpg,ID00423637202312137826377\ID00423637202312137826377_mask_198.jpg
ID00423637202312137826377\ID00423637202312137826377_199.jpg,ID00423637202312137826377\ID00423637202312137826377_mask_199.jpg
ID00423637202312137826377\ID00423637202312137826377_200.jpg,ID00423637202312137826377\ID00423637202312137826377_mask_200.jpg
ID00423637202312137826377\ID00423637202312137826377_201.jpg,ID00423637202312137826377\ID00423637202312137826377_mask_201.jpg
ID00423637202312137826377\ID00423637202312137826377_202.jpg,ID00423637202312137826377\ID00423637202312137826377_mask_202.jpg
ID00423637202312137826377\ID00423637202312137826377_203.jpg,ID00423637202312137826377\ID00423637202312137826377_mask_203.jpg
ID00423637202312137826377\ID00423637202312137826377_204.jpg,ID00423637202312137826377\ID00423637202312137826377_mask_204.jpg
ID00423637202312137826377\ID00423637202312137826377_205.jpg,ID00423637202312137826377\ID00423637202312137826377_mask_205.jpg
ID00423637202312137826377\ID00423637202312137826377_206.jpg,ID00423637202312137826377\ID00423637202312137826377_mask_206.jpg
ID00423637202312137826377\ID00423637202312137826377_207.jpg,ID00423637202312137826377\ID00423637202312137826377_mask_207.jpg
ID00423637202312137826377\ID00423637202312137826377_208.jpg,ID00423637202312137826377\ID00423637202312137826377_mask_208.jpg
ID00423637202312137826377\ID00423637202312137826377_209.jpg,ID00423637202312137826377\ID00423637202312137826377_mask_209.jpg
ID00423637202312137826377\ID00423637202312137826377_210.jpg,ID00423637202312137826377\ID00423637202312137826377_mask_210.jpg
ID00423637202312137826377\ID00423637202312137826377_211.jpg,ID00423637202312137826377\ID00423637202312137826377_mask_211.jpg
ID00423637202312137826377\ID00423637202312137826377_212.jpg,ID00423637202312137826377\ID00423637202312137826377_mask_212.jpg
ID00423637202312137826377\ID00423637202312137826377_213.jpg,ID00423637202312137826377\ID00423637202312137826377_mask_213.jpg
ID00423637202312137826377\ID00423637202312137826377_214.jpg,ID00423637202312137826377\ID00423637202312137826377_mask_214.jpg
